Book Name,Author,Publisher,Description
DAYDREAM,Hannah Grace,Atria,The third book in the Maple Hills series. A college student with writer’s block offers to tutor the captain of the hockey team.
IT ENDS WITH US,Colleen Hoover,Atria,A battered wife raised in a violent home attempts to halt the cycle of abuse; the basis of the film.
IT STARTS WITH US,Colleen Hoover,Atria,"In the sequel to “It Ends With Us,” Lily deals with her jealous ex-husband as she reconnects with her first boyfriend."
THE WOMEN,Kristin Hannah,St. Martin's,"In 1965, a nursing student follows her brother to serve during the Vietnam War and returns to a divided America."
A COURT OF THORNS AND ROSES,Sarah J. Maas,Bloomsbury,"After killing a wolf in the woods, Feyre is taken from her home and placed inside the world of the Fae."
THE HOUSEMAID,Freida McFadden,Grand Central,Troubles surface when a woman looking to make a fresh start takes a job in the home of the Winchesters.
IRON FLAME,Rebecca Yarros,Red Tower,The second book in the Empyrean series. Violet Sorrengail’s next round of training might require her to betray the man she loves.
DEMON COPPERHEAD,Barbara Kingsolver,Harper Perennial,Winner of a 2023 Pulitzer Prize for fiction. A reimagining of Charles Dickens’s “David Copperfield” set in the mountains of southern Appalachia.
THE DARK WIVES,Ann Cleeves,Minotaur,The 11th book in the Vera Stanhope series. Vera and her team search for a missing teen who may be responsible for murder.
BY ANY OTHER NAME,Jodi Picoult,Ballantine,"A young woman’s play about her ancestor Emilia Bassano, who wrote Shakespeare’s works, is submitted to a festival under a male pseudonym."
THE GOD OF THE WOODS,Liz Moore,Riverhead,"When a 13-year-old girl disappears from an Adirondack summer camp in 1975, secrets kept by the Van Laar family emerge."
A COURT OF MIST AND FURY,Sarah J. Maas,Bloomsbury,The second book in the Court of Thorns and Roses series. Feyre gains the powers of the High Fae and a greater evil emerges.
THE WEDDING PEOPLE,Alison Espach,Holt,A woman who is down on her luck forms an unexpected bond with the bride at a wedding in Rhode Island.
THE HOUSEMAID IS WATCHING,Freida McFadden,Poisoned Pen,The third book in the Housemaid series. Dangers lurk in a quiet neighborhood.
THE HOUSEMAID'S SECRET,Freida McFadden,Mobius,The second book in the Housemaid series. The sound of crying and the appearance of blood portend misdeeds.
