﻿creditLimit,availableMoney,transactionDateTime,transactionAmount,merchantName,acqCountry,merchantCategoryCode,currentExpDate,accountOpenDate,cardCVV,enteredCVV,cardLast4Digits,transactionType,cardPresent
5000,5000,2016-08-13T14:27:32,98.55,Uber,US,rideshare,Jun-23,3/14/2015,414,414,1803,PURCHASE,FALSE
5000,5000,2016-10-11T05:05:54,74.51,AMC #191138,US,entertainment,Feb-24,3/14/2015,486,486,767,PURCHASE,TRUE
5000,5000,2016-11-08T09:18:39,7.47,Play Store,US,mobileapps,Aug-25,3/14/2015,486,486,767,PURCHASE,FALSE
5000,5000,2016-12-10T02:14:50,7.47,Play Store,US,mobileapps,Aug-25,3/14/2015,486,486,767,PURCHASE,FALSE
5000,5000,2016-03-24T21:04:46,71.18,Tim Hortons #947751,US,fastfood,Oct-29,8/6/2015,885,885,3143,PURCHASE,TRUE
5000,5000,2016-04-19T16:24:27,30.76,In-N-Out #422833,US,fastfood,Jan-20,8/6/2015,885,885,3143,PURCHASE,TRUE
5000,5000,2016-05-21T14:50:35,57.28,Krispy Kreme #685312,US,fastfood,May-20,8/6/2015,885,885,3143,PURCHASE,TRUE
5000,5000,2016-06-03T00:31:21,9.37,Shake Shack #968081,US,fastfood,Jan-21,8/6/2015,885,885,3143,PURCHASE,TRUE
5000,4990.63,2016-06-10T01:21:46,523.67,Burger King #486122,NA,fastfood,Aug-32,8/6/2015,885,885,3143,PURCHASE,TRUE
5000,7000,2016-07-11T10:47:16,164.37,Five Guys #510989,US,fastfood,Apr-20,8/6/2015,885,885,3143,PURCHASE,TRUE
5000,5000,2016-09-07T20:22:47,160.18,Auntie Anne's #747964,US,fastfood,May-23,8/6/2015,885,885,3143,PURCHASE,TRUE
5000,5000,2016-12-07T16:34:04,40.75,GreenCook,US,food_delivery,Aug-24,8/6/2015,885,855,3143,PURCHASE,FALSE
5000,4959.25,2016-12-14T10:00:35,40.75,GreenCook,US,food_delivery,Aug-24,8/6/2015,885,885,3143,PURCHASE,FALSE
5000,4918.5,2016-12-20T18:38:23,40.75,GreenCook,US,food_delivery,Aug-24,8/6/2015,885,885,3143,PURCHASE,FALSE
5000,4877.75,2016-12-28T06:43:01,40.75,GreenCook,US,food_delivery,Aug-24,8/6/2015,885,885,3143,PURCHASE,FALSE
2500,2500,2016-01-02T11:19:46,30.08,Washington Repair,US,auto,Dec-31,10/13/2015,206,206,8522,PURCHASE,TRUE
2500,2469.92,2016-01-16T01:01:27,41.25,Eazy Tire,US,auto,Sep-27,10/13/2015,206,206,8522,PURCHASE,TRUE
2500,2428.67,2016-01-26T14:04:22,0,Convenient Auto Services,US,auto,Aug-25,10/13/2015,206,206,8522,ADDRESS_VERIFICATION,FALSE
2500,2428.67,2016-01-29T07:17:39,124.21,Convenient Auto Services,US,auto,Aug-32,10/13/2015,579,579,4219,PURCHASE,TRUE
2500,2304.46,2016-01-29T07:33:15,196.07,Shell Auto Body,US,auto,Aug-22,10/13/2015,579,539,4219,PURCHASE,TRUE
2500,2108.39,2016-01-29T21:44:33,4.11,Convenient Auto Services,US,auto,Nov-27,10/13/2015,579,579,4219,PURCHASE,TRUE
2500,2500,2016-02-06T08:16:46,,Fast Auto Services,US,auto,Aug-28,10/13/2015,206,206,8522,PURCHASE,TRUE
2500,2391.14,2016-02-12T03:47:24,28.23,Washington Repair,US,auto,Sep-32,10/13/2015,579,579,4219,PURCHASE,TRUE
2500,2362.91,2016-02-22T17:32:13,26.17,Washington Repair,US,auto,Oct-28,10/13/2015,579,579,4219,PURCHASE,TRUE
2500,2336.74,2016-02-28T15:53:52,215.16,staples.com,US,online_retail,Dec-21,10/13/2015,206,206,8522,PURCHASE,FALSE
2500,2121.58,2016-02-28T16:43:46,15.83,Convenient Repair,US,auto,Jun-33,10/13/2015,579,579,4219,PURCHASE,TRUE
2500,2500,2016-03-02T21:49:24,35.14,Shell Repair,US,auto,Dec-19,10/13/2015,579,579,4219,PURCHASE,TRUE
2500,2464.86,2016-03-05T22:24:50,24.44,Shell Auto Body,US,auto,Mar-24,10/13/2015,579,579,4219,PURCHASE,TRUE
2500,2440.42,2016-03-09T14:41:15,139.44,Eazy Repair,US,auto,Aug-32,10/13/2015,579,579,4219,PURCHASE,TRUE
2500,2300.98,2016-03-10T00:59:51,235.74,Fast Repair,US,auto,Oct-24,10/13/2015,206,206,8522,PURCHASE,TRUE
2500,2065.24,2016-03-14T06:24:48,158.79,Fast Repair,US,auto,Mar-21,10/13/2015,579,579,4219,PURCHASE,TRUE
2500,2500,2016-04-01T20:08:33,34.84,Eazy Auto Body,US,auto,Nov-26,10/13/2015,579,579,4219,PURCHASE,TRUE
2500,2465.16,2016-04-05T21:44:57,304.93,Washington Repair,US,auto,Oct-32,10/13/2015,579,579,4219,PURCHASE,TRUE
2500,2160.23,2016-04-14T05:00:43,161.39,Washington Tire,US,auto,Sep-30,10/13/2015,579,579,4219,PURCHASE,TRUE
2500,1998.84,2016-04-26T04:33:33,68.66,Fast Auto Services,US,auto,Apr-23,10/13/2015,206,206,8522,PURCHASE,TRUE
2500,1930.18,2016-04-28T08:08:33,66.09,Eazy Auto Body,US,auto,Oct-31,10/13/2015,579,579,4219,PURCHASE,TRUE
2500,2500,2016-05-03T21:11:14,,target.com,US,online_retail,Sep-21,10/13/2015,579,579,54219,PURCHASE,FALSE
2500,2456.36,2016-05-12T00:45:51,40.25,Fast Repair,US,auto,Jun-32,10/13/2015,579,579,4219,PURCHASE,TRUE
2500,2416.11,2016-05-24T01:35:33,215.13,Convenient Tire,US,auto,Oct-21,10/13/2015,206,206,8522,PURCHASE,TRUE
2500,2200.98,2016-05-24T01:38:03,215.13,Convenient Tire,US,auto,Oct-21,10/13/2015,206,206,8522,REVERSAL,TRUE
2500,2416.11,2016-05-24T19:15:52,286.51,amazon.com,US,online_retail,Sep-31,10/13/2015,206,206,8522,PURCHASE,FALSE
2500,2129.6,2016-05-26T14:32:39,317.95,Shell Tire,US,auto,May-29,10/13/2015,206,206,8522,PURCHASE,TRUE
2500,1811.65,2016-05-28T04:42:54,2.2,Fast Auto Services,US,auto,Jul-20,10/13/2015,206,206,8522,PURCHASE,TRUE
2500,2500,2016-06-04T18:45:39,4.46,Play Store,US,mobileapps,May-24,10/13/2015,206,206,8522,PURCHASE,FALSE
2500,2495.54,2016-06-11T04:40:06,140.5,Shell Tire,US,auto,Apr-30,10/13/2015,579,579,4219,PURCHASE,TRUE
2500,2355.04,2016-06-15T00:52:10,186.61,Merchants Auto Body,US,auto,Mar-22,10/13/2015,206,206,8522,PURCHASE,TRUE
2500,2500,2016-07-01T14:55:32,8.2,Shell Auto Body,US,auto,Dec-30,10/13/2015,206,206,8522,PURCHASE,TRUE
2500,2491.8,2016-07-03T18:33:35,203.68,Shell Auto Body,US,auto,May-23,10/13/2015,206,206,8522,PURCHASE,TRUE
2500,2288.12,2016-07-06T13:08:53,4.46,Play Store,US,mobileapps,May-24,10/13/2015,206,206,8522,PURCHASE,FALSE
2500,2283.66,2016-07-16T10:28:25,26.55,amazon.com,US,online_retail,Apr-26,10/13/2015,206,206,8522,PURCHASE,FALSE
2500,2257.11,2016-07-23T00:41:49,46.65,Fast Auto Services,US,auto,Aug-24,10/13/2015,206,206,8522,PURCHASE,TRUE
2500,2500,2016-08-06T05:22:06,4.46,Play Store,US,mobileapps,May-24,10/13/2015,206,206,8522,PURCHASE,FALSE
2500,2495.54,2016-08-08T14:41:07,165.1,Washington Repair,US,auto,Sep-32,10/13/2015,579,579,4219,PURCHASE,TRUE
2500,2330.44,2016-08-12T06:47:23,50.03,gap.com,US,online_retail,Jun-21,10/13/2015,579,579,4219,PURCHASE,FALSE
2500,2280.41,2016-08-16T00:10:15,142.6,Fast Tire,US,auto,Dec-28,10/13/2015,206,206,8522,PURCHASE,TRUE
2500,2137.81,2016-08-16T14:15:09,21.66,sears.com,US,online_retail,Nov-30,10/13/2015,579,579,4219,PURCHASE,FALSE
2500,2116.15,2016-08-20T07:34:29,43.18,Fast Repair,US,auto,Apr-29,10/13/2015,579,579,4219,PURCHASE,TRUE
2500,2072.97,2016-08-21T08:23:16,15.42,Eazy Auto Body,US,auto,Mar-32,10/13/2015,206,206,8522,PURCHASE,FALSE
2500,2057.55,2016-08-26T19:17:33,196.94,Eazy Tire,US,auto,Sep-24,10/13/2015,579,579,4219,PURCHASE,TRUE
2500,1860.61,2016-08-26T19:37:15,47.08,Merchants Auto Body,US,auto,Jun-31,10/13/2015,579,579,4219,PURCHASE,TRUE
2500,2500,2016-09-02T07:57:44,0,Washington Tire,US,auto,Apr-27,10/13/2015,579,579,4219,ADDRESS_VERIFICATION,FALSE
2500,2500,2016-09-03T11:17:28,66.33,Shell Tire,US,auto,Jul-27,10/13/2015,579,579,4219,PURCHASE,TRUE
2500,2433.67,2016-09-05T16:44:30,4.46,Play Store,US,mobileapps,May-24,10/13/2015,206,206,8522,PURCHASE,FALSE
2500,2429.21,2016-09-10T05:08:58,51.43,apple.com,US,online_retail,Oct-28,10/13/2015,206,206,8522,PURCHASE,FALSE
2500,2377.78,2016-09-13T04:30:05,45.39,Merchants Tire,US,auto,Jan-33,10/13/2015,206,206,8522,PURCHASE,TRUE
2500,2332.39,2016-09-14T10:50:00,171.11,Fast Auto Services,US,auto,Feb-25,10/13/2015,579,579,4219,PURCHASE,TRUE
2500,2161.28,2016-09-14T22:56:59,234.75,Ricks Auto Body,US,auto,Dec-29,10/13/2015,579,579,4219,PURCHASE,TRUE
2500,1926.53,2016-09-19T00:13:00,563.75,Merchants Auto Body,US,auto,Jan-22,10/13/2015,579,579,4219,PURCHASE,TRUE
2500,1362.78,2016-09-23T09:02:51,130.62,Merchants Auto Services,US,auto,Dec-19,10/13/2015,579,579,4219,PURCHASE,TRUE
2500,1232.16,2016-09-24T15:26:31,11.27,Convenient Tire,US,auto,Mar-29,10/13/2015,579,579,4219,PURCHASE,TRUE
2500,2500,2016-10-05T11:16:25,16.45,Eazy Repair,US,auto,Oct-22,10/13/2015,579,578,4219,PURCHASE,TRUE
2500,2483.55,2016-10-07T07:11:22,4.46,Play Store,US,mobileapps,May-24,10/13/2015,206,206,8522,PURCHASE,FALSE
2500,2479.09,2016-10-07T08:51:50,46.37,Shell Repair,US,auto,Jan-30,10/13/2015,206,206,8522,PURCHASE,TRUE
2500,2432.72,2016-10-07T10:23:57,3.87,Eazy Repair,US,auto,Oct-22,10/13/2015,579,579,4219,REVERSAL,TRUE
2500,2436.59,2016-10-11T00:04:18,41.42,Curves #132685,US,gym,Oct-29,10/13/2015,206,206,8522,PURCHASE,FALSE
2500,2395.17,2016-10-13T17:02:32,37.36,Convenient Repair,US,auto,Oct-29,10/13/2015,579,579,4219,PURCHASE,TRUE
2500,2357.81,2016-10-14T10:57:11,107.85,Shell Auto Body,US,auto,Jul-29,10/13/2015,579,579,4219,PURCHASE,TRUE
2500,2249.96,2016-10-25T07:13:16,41.42,Curves #132685,US,gym,Oct-29,10/13/2015,206,206,8522,PURCHASE,FALSE
2500,2208.54,2016-10-29T11:01:00,0,Fast Tire,US,auto,Dec-26,10/13/2015,579,579,4219,ADDRESS_VERIFICATION,FALSE
2500,2500,2016-11-02T22:15:11,190.95,Eazy Auto Body,US,auto,Aug-23,10/13/2015,579,579,4219,PURCHASE,TRUE
2500,2309.05,2016-11-06T12:10:28,4.46,Play Store,US,mobileapps,May-24,10/13/2015,206,206,8522,PURCHASE,FALSE
2500,2304.59,2016-11-06T20:41:48,35.4,oldnavy.com,US,online_retail,Sep-32,10/13/2015,579,579,4219,PURCHASE,FALSE
2500,2269.19,2016-11-08T06:59:12,41.42,Curves #132685,US,gym,Oct-29,10/13/2015,206,206,8522,PURCHASE,FALSE
2500,2227.77,2016-11-22T08:29:20,41.42,Curves #132685,US,gym,Oct-29,10/13/2015,206,206,8522,PURCHASE,FALSE
2500,2500,2016-12-01T08:18:57,3.32,Merchants Tire,US,auto,Nov-30,10/13/2015,579,579,4219,PURCHASE,TRUE
2500,2496.68,2016-12-05T12:50:39,41.42,Curves #132685,US,gym,Oct-29,10/13/2015,206,206,8522,PURCHASE,FALSE
2500,2455.26,2016-12-08T00:22:08,4.46,Play Store,US,mobileapps,May-24,10/13/2015,206,206,8522,PURCHASE,FALSE
2500,2450.8,2016-12-11T21:22:03,1.09,Washington Auto Body,Milan,auto,Nov-28,10/13/2015,579,579,4219,PURCHASE,TRUE
2500,2449.71,2016-12-14T19:57:13,66.51,Convenient Repair,US,auto,May-31,10/13/2015,579,579,4219,PURCHASE,TRUE
2500,2383.2,2016-12-19T11:53:58,34.69,Shell Auto Body,US,auto,Feb-21,10/13/2015,206,206,8522,PURCHASE,FALSE
2500,2348.51,2016-12-19T18:07:09,41.42,Curves #132685,US,gym,Oct-29,10/13/2015,206,206,8522,PURCHASE,FALSE
2500,2307.09,2016-12-24T16:14:13,1091.13,Shell Tire,US,auto,Jun-21,10/13/2015,206,206,8522,PURCHASE,FALSE
50000,50000,2016-01-08T15:06:39,81.66,ebay.com,US,online_retail,May-33,7/25/2014,205,205,9459,PURCHASE,FALSE
50000,49918.34,2016-01-26T08:40:13,231.37,sears.com,US,online_retail,Dec-21,7/25/2014,205,205,9459,PURCHASE,FALSE
50000,55000,2016-02-05T03:55:42,365.84,gap.com,US,online_retail,Aug-21,7/25/2014,205,205,9459,PURCHASE,FALSE
50000,50000,2016-04-11T20:30:47,293.54,ebay.com,US,online_retail,Feb-27,7/25/2014,205,205,9459,PURCHASE,FALSE
50000,50000,2016-05-09T12:36:15,138.22,staples.com,US,online_retail,Sep-31,7/25/2014,205,205,9459,PURCHASE,FALSE
50000,49861.78,2016-05-12T19:26:31,54.95,sears.com,US,online_retail,Dec-26,7/25/2014,205,205,9459,PURCHASE,FALSE
50000,50000,2016-07-01T07:55:51,73.38,amazon.com,US,online_retail,Mar-32,7/25/2014,205,205,9459,PURCHASE,FALSE
50000,49926.62,2016-07-23T08:26:18,273.94,sears.com,US,online_retail,Nov-20,7/25/2014,205,205,9459,PURCHASE,FALSE
50000,50000,2016-10-04T04:20:04,-168.57,discount.com,US,online_retail,Nov-24,7/25/2014,205,265,9459,PURCHASE,FALSE
50000,49831.43,2016-10-19T14:01:45,168.57,discount.com,US,online_retail,Nov-24,7/25/2014,205,265,59,REVERSAL,FALSE
50000,50000,2016-10-23T14:00:41,0,apple.com,US,online_retail,Nov-27,7/25/2014,205,205,9459,ADDRESS_VERIFICATION,FALSE
